GROUP,PACKAGE,CLASS,INSTRUCTION_MISSED,INSTRUCTION_COVERED,BRANCH_MISSED,BRANCH_COVERED,LINE_MISSED,LINE_COVERED,COMPLEXITY_MISSED,COMPLEXITY_COVERED,METHOD_MISSED,METHOD_COVERED
RebelliousMonster-app,com.Augustus.app.com.anish.screen,MapGenerator,103,0,8,0,19,0,6,0,2,0
RebelliousMonster-app,com.Augustus.app.com.anish.screen,WorldScreen,196,0,12,0,36,0,9,0,3,0
RebelliousMonster-app,com.Augustus.app.com.anish.screen,ByteUtil,3,60,4,4,1,23,5,2,1,2
RebelliousMonster-app,com.Augustus.app.asciiPanel,AsciiFont,85,0,0,0,17,0,5,0,5,0
RebelliousMonster-app,com.Augustus.app.asciiPanel,AsciiCharacterData,3,0,0,0,1,0,1,0,1,0
RebelliousMonster-app,com.Augustus.app.asciiPanel,AsciiPanel,2351,113,238,0,304,16,163,1,44,1
RebelliousMonster-app,com.Augustus.app,Main,64,0,0,0,21,0,6,0,6,0
RebelliousMonster-app,com.Augustus.app,App,7,0,0,0,3,0,2,0,2,0
RebelliousMonster-app,com.Augustus.app.com.anish.calabashbros,Wall,6,0,0,0,2,0,1,0,1,0
RebelliousMonster-app,com.Augustus.app.com.anish.calabashbros,World,0,72,1,5,0,13,1,7,0,5
RebelliousMonster-app,com.Augustus.app.com.anish.calabashbros,Monster,451,80,66,4,65,13,41,3,6,3
RebelliousMonster-app,com.Augustus.app.com.anish.calabashbros,Tile,17,26,0,0,8,10,3,5,3,5
RebelliousMonster-app,com.Augustus.app.com.anish.calabashbros,Stone,136,34,16,2,27,9,12,4,4,3
RebelliousMonster-app,com.Augustus.app.com.anish.calabashbros,Creature,7,16,0,0,2,5,1,2,1,2
RebelliousMonster-app,com.Augustus.app.com.anish.calabashbros,Goblin,135,159,16,10,21,23,11,7,1,4
RebelliousMonster-app,com.Augustus.app.com.anish.calabashbros,Floor,0,6,0,0,0,2,0,1,0,1
RebelliousMonster-app,com.Augustus.app.com.anish.calabashbros,Thing,6,24,0,0,2,9,2,4,2,4
